{
    "morgan_fingerprint_dim": 2048,
    "atom_pair_fingerprint_dim": 0,
    "torsion_dim": 0,
    "use_maccs_keys": true,
    "use_graph_features": true,
    "backbone_sidechain_detail_level": 2,
    "n_estimators": 13826,
    "learning_rate": 0.00763919183537772,
    "max_depth": 9,
    "num_leaves": 290,
    "min_child_samples": 1,
    "subsample": 0.6466483696067706,
    "colsample_bytree": 0.8352041206240134,
    "colsample_node": 0.5117989229457721,
    "reg_alpha": 0.004236575291894234,
    "reg_lambda": 0.001385711626987262,
    "objective": "regression",
    "extra_trees": true
}