{
    "filepath_0": "data_filtering/standardized_datasets/Rg/RadonPy.csv",
    "raw_label_weight_0": 0.04622891933910421,
    "dataset_weight_0": 0.9943357440756787,
    "max_error_ratio_0": 2.4246577081902614,
    "purge_extra_train_smiles_overlap_0": true
}