{
    "morgan_fingerprint_dim": 1024,
    "atom_pair_fingerprint_dim": 512,
    "torsion_dim": 1024,
    "use_maccs_keys": false,
    "use_graph_features": false,
    "n_estimators": 6222,
    "learning_rate": 0.0013325818522123556,
    "max_depth": 11,
    "num_leaves": 13,
    "min_child_samples": 22,
    "subsample": 0.7138244654019628,
    "colsample_bytree": 0.5666137947087466,
    "colsample_node": 0.7849273977208182,
    "reg_alpha": 0.08469434824372651,
    "reg_lambda": 0.00966516989761561,
    "objective": "regression",
    "extra_trees": false
}