{
    "morgan_fingerprint_dim": 2048,
    "atom_pair_fingerprint_dim": 2048,
    "torsion_dim": 2048,
    "use_maccs_keys": true,
    "use_graph_features": true,
    "n_estimators": 11561,
    "learning_rate": 0.0035426897979776908,
    "max_depth": 7,
    "num_leaves": 54,
    "min_child_samples": 67,
    "subsample": 0.7017177743228087,
    "colsample_bytree": 0.6338985486276714,
    "colsample_node": 0.8140280427539539,
    "reg_alpha": 0.000203002033669039,
    "reg_lambda": 0.6287126822907991,
    "objective": "regression",
    "extra_trees": true
}