{
    "filepath_0": "data_filtering/standardized_datasets/Rg/RadonPy.csv",
    "raw_label_weight_0": 0.022122481347645107,
    "dataset_weight_0": 0.6489348682693435,
    "max_error_ratio_0": 1.3431781698995542,
    "purge_extra_train_smiles_overlap_0": true
}