{
    "filepath_0": "data_filtering/standardized_datasets/Tg/dmitry_2.csv",
    "raw_label_weight_0": 0.4428492171793674,
    "dataset_weight_0": 0.2867512787719968,
    "max_error_ratio_0": 1.2219942020386672,
    "purge_extra_train_smiles_overlap_0": true,
    "filepath_1": "data_filtering/standardized_datasets/Tg/dmitry_3.csv",
    "raw_label_weight_1": 0.05376528220870935,
    "dataset_weight_1": 0.47704038325575726,
    "max_error_ratio_1": 1.7051199858037271,
    "purge_extra_train_smiles_overlap_1": true,
    "filepath_2": "data_filtering/standardized_datasets/Tg/host_extra.csv",
    "raw_label_weight_2": 0.6540190847240772,
    "dataset_weight_2": 0.17501779346366364,
    "max_error_ratio_2": 2.5049229903581254,
    "purge_extra_train_smiles_overlap_2": false,
    "filepath_3": "data_filtering/standardized_datasets/Tg/LAMALAB.csv",
    "raw_label_weight_3": 0.6254338517331685,
    "dataset_weight_3": 0.9535426018836242,
    "max_error_ratio_3": 2.9554155083893607,
    "purge_extra_train_smiles_overlap_3": false
}