{
    "n_estimators": 977,
    "learning_rate": 0.00468888692948102,
    "reg_lambda": 0.009863257739328953,
    "colsample_bytree": 0.6171515733278747,
    "colsample_bynode": 0.6960370501714157,
    "max_depth": 6
}