{
    "morgan_fingerprint_dim": 1024,
    "atom_pair_fingerprint_dim": 512,
    "torsion_dim": 0,
    "use_maccs_keys": true,
    "use_graph_features": true,
    "n_estimators": 886,
    "learning_rate": 0.07118717725401043,
    "max_depth": 11,
    "num_leaves": 169,
    "min_child_samples": 8,
    "subsample": 0.981180233407303,
    "colsample_bytree": 0.6777916009514098,
    "colsample_node": 0.5259597504695017,
    "reg_alpha": 0.0022247214343666427,
    "reg_lambda": 0.02519627423576452,
    "objective": "huber",
    "extra_trees": true
}