{
    "morgan_fingerprint_dim": 2048,
    "atom_pair_fingerprint_dim": 0,
    "torsion_dim": 0,
    "use_maccs_keys": true,
    "use_graph_features": false,
    "backbone_sidechain_detail_level": 0,
    "n_estimators": 830,
    "learning_rate": 0.003051816233647459,
    "max_depth": 7,
    "subsample": 0.8483328238662304,
    "colsample_bytree": 0.5292195569511033,
    "colsample_bynode": 0.6588212348721476,
    "reg_alpha": 0.22681350911920597,
    "reg_lambda": 9.821872284569075,
    "objective": "reg:absoluteerror"
}