{
    "morgan_fingerprint_dim": 2048,
    "atom_pair_fingerprint_dim": 0,
    "torsion_dim": 512,
    "use_maccs_keys": true,
    "use_graph_features": true,
    "n_estimators": 24216,
    "learning_rate": 0.005957916941703319,
    "max_depth": 6,
    "num_leaves": 23,
    "min_child_samples": 30,
    "subsample": 0.875545479680943,
    "colsample_bytree": 0.5473398306530824,
    "colsample_node": 0.5138575678138974,
    "reg_alpha": 0.00022462460046849826,
    "reg_lambda": 0.0014114523170562433,
    "objective": "huber",
    "extra_trees": true
}