{
    "morgan_fingerprint_dim": 2048,
    "atom_pair_fingerprint_dim": 2048,
    "torsion_dim": 2048,
    "use_maccs_keys": true,
    "use_graph_features": false,
    "backbone_sidechain_detail_level": 1,
    "n_estimators": 7718,
    "learning_rate": 0.012471624969831886,
    "max_depth": 10,
    "num_leaves": 33,
    "min_child_samples": 41,
    "subsample": 0.7437426806794945,
    "colsample_bytree": 0.7311443613131248,
    "colsample_node": 0.9702554054889629,
    "reg_alpha": 0.01009510310284528,
    "reg_lambda": 0.006202634216481101,
    "objective": "huber",
    "extra_trees": true
}