{
    "morgan_fingerprint_dim": 512,
    "atom_pair_fingerprint_dim": 512,
    "torsion_dim": 0,
    "use_maccs_keys": false,
    "use_graph_features": true,
    "n_estimators": 7117,
    "learning_rate": 0.013950423228112345,
    "max_depth": 8,
    "num_leaves": 126,
    "min_child_samples": 91,
    "subsample": 0.9942344151004984,
    "colsample_bytree": 0.6757846681668305,
    "colsample_node": 0.5864811342232127,
    "reg_alpha": 1.32325399680287,
    "reg_lambda": 0.04692787226489822,
    "objective": "mae",
    "extra_trees": false
}