{
    "morgan_fingerprint_dim": 0,
    "atom_pair_fingerprint_dim": 1024,
    "torsion_dim": 0,
    "use_maccs_keys": false,
    "use_graph_features": false,
    "backbone_sidechain_detail_level": 1,
    "n_estimators": 2063,
    "learning_rate": 0.27174681638164805,
    "max_depth": 5,
    "subsample": 0.8219615310535371,
    "colsample_bytree": 0.8621755745144541,
    "colsample_bynode": 0.9509247996738964,
    "reg_alpha": 0.4855786196642815,
    "reg_lambda": 0.0002315410563345626,
    "objective": "reg:absoluteerror"
}