{
    "n_estimators": 775,
    "learning_rate": 0.003170875343363867,
    "reg_lambda": 0.5912478257168902,
    "colsample_bytree": 0.7309849614321366,
    "colsample_bynode": 0.42528425384811275,
    "max_depth": 5
}