{
    "n_estimators": 1231,
    "learning_rate": 0.00711345027247128,
    "reg_lambda": 4.5721485991932e-06,
    "colsample_bytree": 0.9873804657478606,
    "colsample_bynode": 0.702377279952322,
    "max_depth": 7
}