{
    "morgan_fingerprint_dim": 512,
    "atom_pair_fingerprint_dim": 1024,
    "torsion_dim": 1024,
    "use_maccs_keys": true,
    "use_graph_features": false,
    "backbone_sidechain_detail_level": 2,
    "n_estimators": 481,
    "learning_rate": 0.01767359405467053,
    "max_depth": 5,
    "subsample": 0.5987261399674849,
    "colsample_bytree": 0.6986397133642652,
    "colsample_bynode": 0.5863145489362976,
    "reg_alpha": 0.2038598342074336,
    "reg_lambda": 2.490419140418306,
    "objective": "reg:squarederror"
}