{
    "morgan_fingerprint_dim": 2048,
    "atom_pair_fingerprint_dim": 1024,
    "torsion_dim": 512,
    "use_maccs_keys": false,
    "use_graph_features": true,
    "backbone_sidechain_detail_level": 1,
    "n_estimators": 128,
    "learning_rate": 0.11646197559074602,
    "max_depth": 10,
    "subsample": 0.9224633094044334,
    "colsample_bytree": 0.7840299540620498,
    "colsample_bynode": 0.9416478219145932,
    "reg_alpha": 0.01361447705299342,
    "reg_lambda": 0.0006557051828939812,
    "objective": "reg:pseudohubererror"
}